totalprice,quantity,invoiceno,totalprice_lag_1,totalprice_lag_7,totalprice_lag_14,totalprice_lag_30,sales_rolling_mean_7,sales_rolling_std_7,sales_rolling_min_7,sales_rolling_max_7,sales_rolling_mean_14,sales_rolling_std_14,sales_rolling_min_14,sales_rolling_max_14,sales_rolling_mean_30,sales_rolling_std_30,sales_rolling_min_30,sales_rolling_max_30,sales_diff
6848.44,4061,607,39040.06,21668.34,17334.56,45737.56,23706.45,18506.752154744314,6848.44,59042.51,20351.255714285715,15041.624470295088,4776.12,59042.51,25389.391333333337,14256.628507266787,4776.12,59042.51,
16247.35,8663,952,6848.44,15334.53,15415.710000000001,45623.47,23836.852857142858,18441.029191679907,6848.44,59042.51,20410.65857142857,15022.26321162583,4776.12,59042.51,24410.18733333333,13821.130750531316,4776.12,59042.51,9398.91
9799.26,6333,525,16247.35,14763.7,4776.12,22207.68,23127.647142857142,18936.91477479873,6848.44,59042.51,20769.454285714284,14676.118220239354,5200.37,59042.51,23996.573333333337,14072.69533312755,4776.12,59042.51,-6448.09
21042.22,15736,942,9799.26,59042.51,5200.37,30543.61,17699.034285714286,10486.68375114818,6848.44,39040.06,21901.014999999996,13977.459323236075,6848.44,59042.51,23679.860333333334,14027.1131114541,4776.12,59042.51,11242.960000000001
14683.800000000001,8088,701,21042.22,16133.55,10858.36,30061.75,17491.927142857145,10536.949746393586,6848.44,39040.06,22174.260714285716,13780.991581347702,6848.44,59042.51,23167.262000000002,14066.780431174917,4776.12,59042.51,-6358.42
23468.15,12432,743,14683.800000000001,14782.36,28074.22,53126.64,18732.754285714287,10675.203208804129,6848.44,39040.06,21845.25571428571,13683.94254478736,6848.44,59042.51,22178.645666666667,12880.833629953027,4776.12,59042.51,8784.35
10083.8,5147,860,23468.15,39040.06,32979.31,37809.22,14596.145714285714,6142.703162370402,6848.44,23468.15,20209.862142857146,13618.921204906383,6848.44,59042.51,21254.465,12714.243323851202,4776.12,59042.51,-13384.350000000002
17132.7,9514,763,10083.8,6848.44,21668.34,36548.86,16065.325714285715,5126.638722535004,9799.26,23468.15,19885.887857142858,13635.495338595663,6848.44,59042.51,20607.259666666665,12399.126361936927,4776.12,59042.51,7048.9000000000015
22656.43,13610,1225,17132.7,16247.35,15334.53,31325.45,16980.908571428572,5704.326232999042,9799.26,23468.15,20408.88071428571,13587.831871811717,6848.44,59042.51,20318.292333333335,12240.726444918575,4776.12,59042.51,5523.73
16727.48,10344,1006,22656.43,9799.26,14763.7,17014.2,17970.654285714285,4776.1037192041085,10083.8,23468.15,20549.15071428572,13535.106663777064,6848.44,59042.51,20308.735,12243.506794057668,4776.12,59042.51,-5928.950000000001
20993.39,10602,1341,16727.48,21042.22,59042.51,27223.84,17963.678571428572,4770.9026933535015,10083.8,23468.15,17831.35642857143,7828.1416388325815,6848.44,39040.06,20101.053333333333,12174.813494196871,4776.12,59042.51,4265.91
15534.31,8492,697,20993.39,14683.800000000001,16133.55,26789.23,18085.18,4683.48098976962,10083.8,23468.15,17788.553571428572,7839.76866893365,6848.44,39040.06,19725.889333333336,12134.955808391736,4776.12,59042.51,-5459.08
6383.3,3319,705,15534.31,23468.15,14782.36,29324.76,15644.48714285714,5742.657968257432,6383.3,22656.43,17188.620714285717,8389.596961749205,6383.3,39040.06,18961.174,12231.67187304945,4776.12,59042.51,-9151.009999999998
17152.77,11548,1025,6383.3,10083.8,39040.06,47527.32,16654.34,5197.495861264995,6383.3,22656.43,15625.242857142857,5569.885824166635,6383.3,23468.15,17948.689000000002,10978.493017251993,4776.12,59042.51,10769.470000000001
25538.88,14840,1248,17152.77,17132.7,6848.44,17150.22,17855.222857142857,6200.74141579246,6383.3,25538.88,16960.274285714288,5544.247007335547,6383.3,25538.88,18228.310999999998,11063.95164136537,4776.12,59042.51,8386.11
16774.4,8861,981,25538.88,22656.43,16247.35,7153.35,17014.932857142856,5829.081426553464,6383.3,25538.88,16997.920714285716,5540.822072312217,6383.3,25538.88,18549.012666666666,10869.592767529548,4776.12,59042.51,-8764.48
21684.65,15345,846,16774.4,16727.48,9799.26,17334.56,17723.100000000002,6083.889460397305,6383.3,25538.88,17846.87714285714,5256.2326165660215,6383.3,25538.88,18694.015666666666,10881.841741829301,4776.12,59042.51,4910.25
17666.14,11216,730,21684.65,20993.39,21042.22,15415.710000000001,17247.778571428575,5913.391586507783,6383.3,25538.88,17605.72857142857,5175.177962186926,6383.3,25538.88,18769.030000000002,10866.208831888602,4776.12,59042.51,-4018.510000000002
3439.67,2036,273,17666.14,15534.31,14683.800000000001,4776.12,15519.972857142859,7922.9613571688315,3439.67,25538.88,16802.57642857143,6392.789640214968,3439.67,25538.88,18724.48166666667,10928.117085645315,3439.67,59042.51,-14226.47
22961.9,8341,974,3439.67,6383.3,23468.15,5200.37,17888.344285714287,7179.590356682056,3439.67,25538.88,16766.415714285715,6353.496683852003,3439.67,25538.88,19316.532666666666,10647.691888873007,3439.67,59042.51,19522.230000000003
13790.56,8607,635,22961.9,17152.77,10083.8,10858.36,17408.028571428575,7347.504682580862,3439.67,25538.88,17031.184285714287,6126.78163946518,3439.67,25538.88,19414.272666666668,10580.619938287933,3439.67,59042.51,-9171.340000000002
11648.08,6108,432,13790.56,25538.88,17132.7,28074.22,15423.628571428571,6625.9126344387005,3439.67,22961.9,16639.425714285713,6292.888243360602,3439.67,25538.88,18866.734666666664,10541.97055935145,3439.67,59042.51,-2142.4799999999996
12729.29,11515,708,11648.08,16774.4,22656.43,32979.31,14845.755714285715,6664.753396880389,3439.67,22961.9,15930.344285714285,6119.649448743203,3439.67,25538.88,18191.734,10251.48571646236,3439.67,59042.51,1081.210000000001
17417.36,9047,604,12729.29,21684.65,16727.48,21668.34,14236.142857142857,6106.7572648302685,3439.67,22961.9,15979.621428571429,6129.331855630241,3439.67,25538.88,18050.034666666666,10231.132891783596,3439.67,59042.51,4688.07
5467.25,2682,610,17417.36,17666.14,20993.39,15334.53,12493.444285714286,6678.629089782976,3439.67,22961.9,14870.611428571428,6543.032995818277,3439.67,25538.88,17721.125333333333,10477.090592330569,3439.67,59042.51,-11950.11
22688.24,12283,711,5467.25,3439.67,15534.31,14763.7,15243.240000000002,6280.365099002348,5467.25,22961.9,15381.60642857143,6870.034421722731,3439.67,25538.88,17985.27666666667,10499.829188790725,3439.67,59042.51,17220.99
37566.58,22050,1043,22688.24,22961.9,6383.3,59042.51,17329.62285714286,10367.744509089584,5467.25,37566.58,17608.983571428573,8572.37269504019,3439.67,37566.58,17269.412333333334,8050.494000159972,3439.67,39040.06,14878.34
23087.68,15557,997,37566.58,13790.56,17152.77,16133.55,18657.782857142858,10434.102345106512,5467.25,37566.58,18032.905714285716,8693.961215710147,3439.67,37566.58,17501.216666666667,8116.507686411792,3439.67,39040.06,-14478.900000000001
17391.84,12729,1052,23087.68,11648.08,25538.88,14782.36,19478.320000000003,10008.135517679273,5467.25,37566.58,17450.97428571429,8421.286205936894,3439.67,37566.58,17588.199333333334,8100.3320830951325,3439.67,39040.06,-5695.84
14057.88,8532,617,17391.84,12729.29,16774.4,39040.06,19668.118571428575,9870.46316550956,5467.25,37566.58,17256.937142857143,8469.234040374437,3439.67,37566.58,16755.460000000003,7032.739203554117,3439.67,37566.58,-3333.960000000001
9388.6,5207,827,14057.88,17417.36,21684.65,6848.44,18521.152857142857,10614.06405102324,5467.25,37566.58,16378.647857142858,8611.127091756749,3439.67,37566.58,16840.132,6923.796300223531,3439.67,37566.58,-4669.279999999999
31786.79,20304,947,9388.6,5467.25,17666.14,16247.35,22281.087142857144,9853.62151907733,9388.6,37566.58,17387.265714285713,9549.387800784923,3439.67,37566.58,17358.113333333335,7439.947524892969,3439.67,37566.58,22398.190000000002
28922.3,20843,1162,31786.79,22688.24,3439.67,9799.26,23171.667142857146,10173.094808180243,9388.6,37566.58,19207.453571428574,9104.60116930115,5467.25,37566.58,17995.548000000003,7587.7310609373335,3439.67,37566.58,-2864.4900000000016
19127.32,12098,965,28922.3,37566.58,22961.9,21042.22,20537.487142857142,7974.146198786666,9388.6,31786.79,18933.555,9040.41855437077,5467.25,37566.58,17931.718,7569.249692825167,3439.67,37566.58,-9794.98
21269.93,11506,1125,19127.32,23087.68,13790.56,14683.800000000001,20277.808571428573,7906.569038937242,9388.6,31786.79,19467.795714285716,8933.479147807893,5467.25,37566.58,18151.255666666668,7567.310529547331,3439.67,37566.58,2142.6100000000006
15562.24,9342,813,21269.93,17391.84,11648.08,23468.15,20016.437142857143,8046.86865594047,9388.6,31786.79,19747.37857142857,8728.83253029499,5467.25,37566.58,17887.725333333332,7513.233521571143,3439.67,37566.58,-5707.6900000000005
9329.26,4810,785,15562.24,14057.88,12729.29,10083.8,19340.920000000002,8794.218358120297,9329.26,31786.79,19504.519285714287,8982.721122585594,5467.25,37566.58,17862.574,7541.468715243101,3439.67,37566.58,-6232.98
14721.33,8355,955,9329.26,9388.6,17417.36,17132.7,20102.738571428574,7981.844239868021,9329.26,31786.79,19311.945714285714,9059.479122797036,5467.25,37566.58,17782.195,7562.337796286488,3439.67,37566.58,5392.07
21979.14,11543,1087,14721.33,31786.79,5467.25,22656.43,18701.645714285714,6265.266966809579,9329.26,28922.3,20491.36642857143,8147.335414023027,9329.26,37566.58,17759.61866666667,7548.282575120463,3439.67,37566.58,7257.8099999999995
18271.8,8524,927,21979.14,28922.3,22688.24,16727.48,17180.145714285714,4378.730382054676,9329.26,21979.14,20175.90642857143,8141.229249516216,9329.26,37566.58,17811.096,7546.266597367347,3439.67,37566.58,-3707.34
32093.59,18940,942,18271.8,19127.32,37566.58,20993.39,19032.469999999998,7183.792806268848,9329.26,32093.59,19784.978571428568,7333.228317308974,9329.26,32093.59,18181.10266666667,7968.025626070975,3439.67,37566.58,13821.79
17043.77,12913,873,32093.59,21269.93,23087.68,15534.31,18428.73285714286,7141.877497959288,9329.26,32093.59,19353.270714285714,7301.676690849796,9329.26,32093.59,18231.417999999998,7955.491714457557,3439.67,37566.58,-15049.82
9576.58,4969,832,17043.77,15562.24,17391.84,6383.3,17573.63857142857,7864.095735462176,9329.26,32093.59,18795.037857142856,7748.260392485293,9329.26,32093.59,18337.860666666667,7811.560892127348,3439.67,37566.58,-7467.1900000000005
19458.3,10894,1141,9576.58,9329.26,14057.88,17152.77,19020.644285714287,6976.023250273895,9576.58,32093.59,19180.782142857144,7627.7735403540655,9329.26,32093.59,18414.711666666666,7810.840799141388,3439.67,37566.58,9881.72
21967.36,13770,1180,19458.3,14721.33,9388.6,25538.88,20055.79142857143,6766.18707559984,9576.58,32093.59,20079.265000000003,7108.794467683335,9329.26,32093.59,18295.661,7725.261137418775,3439.67,37566.58,2509.0600000000013
20068.43,11411,1019,21967.36,21979.14,31786.79,16774.4,19782.83285714286,6714.003656368072,9576.58,32093.59,19242.239285714284,6263.9375138798705,9329.26,32093.59,18405.462,7726.302851204253,3439.67,37566.58,-1898.9300000000003
23866.5,14735,941,20068.43,18271.8,28922.3,21684.65,20582.075714285715,6836.040077069126,9576.58,32093.59,18881.110714285714,5790.803645577846,9329.26,32093.59,18478.190333333332,7768.388854598596,3439.67,37566.58,3798.0699999999997
17285.91,9207,652,23866.5,32093.59,19127.32,17666.14,18466.692857142858,4608.22631192565,9576.58,23866.5,18749.58142857143,5805.67451965196,9329.26,32093.59,18465.516000000003,7770.069417829795,3439.67,37566.58,-6580.59
4058.64,2698,522,17285.91,17043.77,21269.93,3439.67,16611.674285714285,7175.120426701006,4058.64,23866.5,17520.20357142857,6942.0045901360945,4058.64,32093.59,18486.148333333334,7729.510492702668,4058.64,37566.58,-13227.27
25469.52,16680,1084,4058.64,9576.58,15562.24,22961.9,18882.094285714287,7092.006639877177,4058.64,25469.52,18227.86642857143,7226.210607899327,4058.64,32093.59,18569.735666666664,7792.879514795672,4058.64,37566.58,21410.88
14592.58,7856,848,25469.52,19458.3,9329.26,13790.56,18186.99142857143,7262.518995826978,4058.64,25469.52,18603.817857142854,6855.020143158602,4058.64,32093.59,18596.469666666668,7777.278951453435,4058.64,37566.58,-10876.94
20605.85,12455,838,14592.58,21967.36,14721.33,11648.08,17992.489999999998,7161.9360464565325,4058.64,25469.52,19024.140714285713,6778.631230119054,4058.64,32093.59,18895.061999999998,7672.563609002022,4058.64,37566.58,6013.269999999999
31345.43,18873,1078,20605.85,20068.43,21979.14,12729.29,19603.489999999998,8789.996211235439,4058.64,31345.43,19693.161428571428,7514.9279358793,4058.64,32093.59,19515.600000000002,7905.959416112679,4058.64,37566.58,10739.580000000002
22755.420000000002,12905,1028,31345.43,23866.5,18271.8,17417.36,19444.764285714286,8709.853154707142,4058.64,31345.43,20013.420000000002,7545.172098616323,4058.64,32093.59,19693.53533333333,7917.169529565971,4058.64,37566.58,-8590.009999999998
19511.44,13452,1181,22755.420000000002,17285.91,32093.59,5467.25,19762.697142857145,8658.382032956495,4058.64,31345.43,19114.695,6697.293769778879,4058.64,31345.43,20161.675,7448.297535948668,4058.64,37566.58,-3243.980000000003
15644.85,9331,995,19511.44,4058.64,17043.77,22688.24,21417.870000000003,5787.451232456879,14592.58,31345.43,19014.772142857142,6740.862646167389,4058.64,31345.43,19926.895333333334,7476.864274412396,4058.64,37566.58,-3866.5899999999983
18524.71,13389,1222,15644.85,25469.52,9576.58,37566.58,20425.754285714287,5568.243327683808,14592.58,31345.43,19653.924285714285,6177.822950514451,4058.64,31345.43,19292.166333333334,6695.141582360941,4058.64,32093.59,2879.8599999999988
20866.42,13873,1025,18524.71,14592.58,19458.3,23087.68,21322.01714285714,4942.625091965179,15644.85,31345.43,19754.504285714287,6185.850489309267,4058.64,31345.43,19218.124333333333,6663.929118274299,4058.64,32093.59,2341.709999999999
35895.75,18074,1499,20866.42,20605.85,21967.36,17391.84,23506.28857142857,7360.4886510960805,15644.85,35895.75,20749.389285714286,7540.799988680504,4058.64,35895.75,19834.921333333335,7313.721904378871,4058.64,35895.75,15029.330000000002
26380.92,13221,984,35895.75,31345.43,20068.43,14057.88,22797.07285714286,6687.690409809434,15644.85,35895.75,21200.28142857143,7684.308780260086,4058.64,35895.75,20245.689333333332,7324.120039472289,4058.64,35895.75,-9514.830000000002
8877.45,4370,727,26380.92,22755.420000000002,23866.5,9388.6,20814.50571428571,8510.69304167578,8877.45,35895.75,20129.635000000002,8303.508520226427,4058.64,35895.75,20228.651,7350.794148580305,4058.64,35895.75,-17503.469999999998
18874.45,11241,1304,8877.45,19511.44,17285.91,31786.79,20723.507142857143,8530.330660223972,8877.45,35895.75,20243.102142857148,8272.455542362037,4058.64,35895.75,19798.239666666665,7021.338730682539,4058.64,35895.75,9997.0
37010.07,24124,1069,18874.45,15644.85,4058.64,28922.3,23775.681428571428,10089.997053756466,8877.45,37010.07,22596.77571428571,7996.505272457565,8877.45,37010.07,20067.832000000002,7521.222743653526,4058.64,37010.07,18135.62
28532.87,19940,1265,37010.07,18524.71,25469.52,19127.32,25205.41857142857,9929.731007985436,8877.45,37010.07,22815.586428571427,8122.085357827755,8877.45,37010.07,20381.350333333332,7675.124279324233,4058.64,37010.07,-8477.2
22580.3,14363,1095,28532.87,20866.42,14592.58,21269.93,25450.25857142857,9825.494558186241,8877.45,37010.07,23386.137857142858,7773.068086471759,8877.45,37010.07,20425.029333333332,7684.078969218482,4058.64,37010.07,-5952.57
22701.52,17567,1120,22580.3,35895.75,20605.85,15562.24,23565.36857142857,8687.343861836069,8877.45,37010.07,23535.82857142857,7735.495786918153,8877.45,37010.07,20663.005333333334,7638.703019781491,4058.64,37010.07,121.22000000000116
6807.4800000000005,5627,705,22701.52,26380.92,31345.43,9329.26,20769.16285714286,10575.03187538098,6807.4800000000005,37010.07,21783.117857142857,8565.280899273772,6807.4800000000005,37010.07,20578.946,7780.287980540886,4058.64,37010.07,-15894.04
20504.79,12015,1219,6807.4800000000005,8877.45,22755.420000000002,14721.33,22430.211428571427,9222.53830593188,6807.4800000000005,37010.07,21622.358571428573,8566.748869307552,6807.4800000000005,37010.07,20771.728,7701.393599073102,4058.64,37010.07,13697.310000000001
26836.48,14842,980,20504.79,18874.45,19511.44,21979.14,23567.644285714283,9201.87268695319,6807.4800000000005,37010.07,22145.575714285715,8651.1800841261,6807.4800000000005,37010.07,20933.639333333333,7778.328320438177,4058.64,37010.07,6331.689999999999
12615.31,7985,802,26836.48,37010.07,15644.85,18271.8,20082.678571428572,7770.528518008342,6807.4800000000005,28532.87,21929.179999999997,8861.623697911373,6807.4800000000005,37010.07,20745.08966666667,7912.478223127841,4058.64,37010.07,-14221.17
16364.73,9935,1293,12615.31,28532.87,18524.71,32093.59,18344.37285714286,6874.495615451156,6807.4800000000005,26836.48,21774.895714285718,8943.87760586984,6807.4800000000005,37010.07,20220.794333333335,7651.379322146449,4058.64,37010.07,3749.42
20512.47,12232,1034,16364.73,22580.3,20866.42,17043.77,18048.96857142857,6704.461952290751,6807.4800000000005,26836.48,21749.61357142857,8947.142853449057,6807.4800000000005,37010.07,20336.417666666668,7627.886878791028,4058.64,37010.07,4147.740000000002
9284.65,5494,926,20512.47,22701.52,35895.75,9576.58,16132.272857142858,7061.041571139291,6807.4800000000005,26836.48,19848.820714285714,8527.546767347521,6807.4800000000005,37010.07,20326.686666666665,7642.259347293311,4058.64,37010.07,-11227.820000000002
19653.29,12999,1163,9284.65,6807.4800000000005,26380.92,19458.3,17967.38857142857,5788.236641587342,9284.65,26836.48,19368.27571428571,8318.120546430493,6807.4800000000005,37010.07,20333.186333333335,7641.578213741872,4058.64,37010.07,10368.640000000001
23203.73,14419,1104,19653.29,20504.79,8877.45,21967.36,18352.95142857143,6068.5302317679,9284.65,26836.48,20391.581428571426,7792.885333856025,6807.4800000000005,37010.07,20374.398666666668,7654.019349745659,4058.64,37010.07,3550.4399999999987
23927.51,18221,1030,23203.73,26836.48,18874.45,20068.43,17937.384285714284,5459.837130290176,9284.65,23927.51,20752.514285714282,7834.122067811084,6807.4800000000005,37010.07,20503.034666666666,7681.080475112204,4058.64,37010.07,723.7799999999988
34614.69,18111,1518,23927.51,12615.31,37010.07,23866.5,21080.152857142857,7740.887331414731,9284.65,34614.69,20581.415714285715,7469.409631126452,6807.4800000000005,34614.69,20861.307666666668,8083.499693632485,4058.64,37010.07,10687.180000000004
17697.19,11076,776,34614.69,16364.73,28532.87,17285.91,21270.504285714287,7621.063020477863,9284.65,34614.69,19807.43857142857,7136.060145239419,6807.4800000000005,34614.69,20875.017,8077.573435072824,4058.64,37010.07,-16917.500000000004
12523.14,8131,937,17697.19,20512.47,22580.3,4058.64,20129.171428571426,8319.724459636926,9284.65,34614.69,19089.07,7338.785817977898,6807.4800000000005,34614.69,21157.166999999998,7603.86390143044,6807.4800000000005,37010.07,-5174.049999999999
19798.73,16947,1465,12523.14,9284.65,22701.52,25469.52,21631.182857142856,6855.89975504969,12523.14,34614.69,18881.727857142858,7269.552183235707,6807.4800000000005,34614.69,20968.14066666667,7563.343255370942,6807.4800000000005,37010.07,7275.59
18027.170000000002,12783,1187,19798.73,19653.29,6807.4800000000005,14592.58,21398.88,6960.834060486808,12523.14,34614.69,19683.134285714284,6402.849920784309,9284.65,34614.69,21082.626999999997,7489.139253038435,6807.4800000000005,37010.07,-1771.5599999999977
25202.46,17687,930,18027.170000000002,23203.73,20504.79,20605.85,21684.412857142856,7087.0574419399945,12523.14,34614.69,20018.682142857142,6570.129828541807,9284.65,34614.69,21235.847333333335,7525.978935784729,6807.4800000000005,37010.07,7175.289999999997
27410.75,17039,1381,25202.46,23927.51,26836.48,31345.43,22182.018571428573,7386.750201828553,12523.14,34614.69,20059.70142857143,6617.590898908803,9284.65,34614.69,21104.691333333332,7376.524070863776,6807.4800000000005,37010.07,2208.290000000001
20943.27,14172,1231,27410.75,34614.69,12615.31,22755.420000000002,20228.95857142857,4960.620708682962,12523.14,27410.75,20654.55571428571,6261.668664001141,9284.65,34614.69,21044.286333333333,7369.957194626308,6807.4800000000005,37010.07,-6467.48
23099.87,17538,1055,20943.27,17697.19,16364.73,19511.44,21000.769999999997,4921.1952656341455,12523.14,27410.75,21135.63714285714,6164.70870529415,9284.65,34614.69,21163.900666666665,7373.340564060518,6807.4800000000005,37010.07,2156.5999999999985
19398.54,12698,1018,23099.87,12523.14,20512.47,15644.85,21982.97,3397.373734003941,18027.170000000002,27410.75,21056.070714285714,6180.538763164273,9284.65,34614.69,21289.023666666664,7308.014698575564,6807.4800000000005,37010.07,-3701.329999999998
6807.06,3802,448,19398.54,19798.73,9284.65,18524.71,20127.01714285714,6716.624929059022,6807.06,27410.75,20879.100000000002,6566.917507006659,6807.06,34614.69,20898.435333333335,7760.008777132763,6807.06,37010.07,-12591.48
20020.0,10960,1004,6807.06,18027.170000000002,19653.29,20866.42,20411.707142857143,6654.735888808093,6807.06,27410.75,20905.29357142857,6562.381774929908,6807.06,34614.69,20870.221333333335,7761.667731325637,6807.06,37010.07,13212.939999999999
27095.96,17307,1146,20020.0,25202.46,23203.73,35895.75,20682.207142857143,6915.306573931273,6807.06,27410.75,21183.309999999998,6747.093654701074,6807.06,34614.69,20576.895,7328.435861886057,6807.06,37010.07,7075.959999999999
24555.85,16023,1234,27095.96,27410.75,23927.51,26380.92,20274.364285714284,6525.542882909835,6807.06,27095.96,21228.191428571427,6768.807063535409,6807.06,34614.69,20516.059333333335,7286.046041419334,6807.06,37010.07,-2540.1100000000006
30379.0,18155,1316,24555.85,20943.27,34614.69,8877.45,21622.325714285715,7576.647097865595,6807.06,30379.0,20925.64214285714,6194.757003664364,6807.06,30379.0,21232.777666666665,7158.109355739266,6807.06,37010.07,5823.1500000000015
18600.5,10606,1449,30379.0,23099.87,17697.19,18874.45,20979.558571428573,7621.129988451901,6807.06,30379.0,20990.164285714283,6163.1678018366,6807.06,30379.0,21223.646,7161.395624972594,6807.06,37010.07,-11778.5
21423.68,11660,1060,18600.5,19398.54,12523.14,37010.07,21268.864285714284,7589.4825619753865,6807.06,30379.0,21625.917142857146,5661.198415402897,6807.06,30379.0,20704.099666666665,6512.621726290813,6807.06,34614.69,2823.1800000000003
27446.69,14596,1333,21423.68,6807.06,19798.73,28532.87,24217.382857142857,4354.440039517934,18600.5,30379.0,22172.2,5837.570700218202,6807.06,30379.0,20667.893666666663,6470.480885984677,6807.06,34614.69,6023.009999999998
31229.66,18263,1484,27446.69,20020.0,18027.170000000002,22580.3,25818.762857142858,4607.421022917652,18600.5,31229.66,23115.234999999997,6173.204563858405,6807.06,31229.66,20956.20566666667,6745.4875333037635,6807.06,34614.69,3782.970000000001
58118.67,36944,1763,31229.66,27095.96,25202.46,22701.52,30250.578571428574,13111.927179177253,18600.5,58118.67,25466.39285714286,11228.064623501672,6807.06,58118.67,22136.777333333335,9569.59374556003,6807.06,58118.67,26889.01
25683.84,13254,1097,58118.67,24555.85,27410.75,6807.4800000000005,30411.72,13036.993568750153,18600.5,58118.67,25343.04214285714,11214.538642188598,6807.06,58118.67,22765.989333333335,9137.746031964842,6807.06,58118.67,-32434.829999999998
9595.85,4764,757,25683.84,30379.0,20943.27,20504.79,27442.698571428573,15228.115244644709,9595.85,58118.67,24532.512142857147,11943.376154509038,6807.06,58118.67,22402.358,9442.797636719237,6807.06,58118.67,-16087.99
35583.020000000004,15121,1183,9595.85,18600.5,23099.87,26836.48,29868.772857142856,14934.593319596062,9595.85,58118.67,25424.165714285715,12289.16238209769,6807.06,58118.67,22693.909333333333,9715.513255083137,6807.06,58118.67,25987.170000000006
45292.45,25012,1327,35583.020000000004,21423.68,19398.54,12615.31,33278.59714285714,15402.566763127174,9595.85,58118.67,27273.730714285713,13225.423483859515,6807.06,58118.67,23783.14733333333,10357.1854611166,6807.06,58118.67,9709.429999999993
32373.21,18560,1147,45292.45,27446.69,6807.06,16364.73,33982.385714285716,15202.936853549974,9595.85,58118.67,29099.884285714284,11878.507109593902,9595.85,58118.67,24316.763333333332,10374.174349241031,6807.06,58118.67,-12919.239999999998
30030.05,16704,1554,32373.21,31229.66,20020.0,20512.47,33811.01285714286,15245.838842043313,9595.85,58118.67,29814.887857142858,11587.625339455351,9595.85,58118.67,24634.016,10399.321643260033,6807.06,58118.67,-2343.16
24679.29,14980,957,30030.05,58118.67,27095.96,9284.65,29033.95857142857,11010.586156132375,9595.85,45292.45,29642.26857142857,11649.081924563101,9595.85,58118.67,25147.170666666665,9987.45766955733,6807.06,58118.67,-5350.759999999998
23807.13,12618,1542,24679.29,25683.84,24555.85,19653.29,28765.85714285714,11127.977795105307,9595.85,45292.45,29588.78857142857,11675.917267955294,9595.85,58118.67,25285.631999999998,9937.334424244,6807.06,58118.67,-872.1599999999999
27367.48,17349,1315,23807.13,9595.85,30379.0,23203.73,31304.661428571428,7442.433889735297,23807.13,45292.45,29373.68,11687.973919732145,9595.85,58118.67,25424.423666666666,9936.331331713409,6807.06,58118.67,3560.3499999999985
31831.58,14398,1106,27367.48,35583.020000000004,18600.5,23927.51,30768.74142857143,7214.5888380059805,23807.13,45292.45,30318.757142857143,11277.57823274091,9595.85,58118.67,25687.892666666663,9999.858885227757,6807.06,58118.67,4464.100000000002
21453.51,12396,1013,31831.58,45292.45,21423.68,34614.69,27363.178571428572,4222.009195696679,21453.51,32373.21,30320.887857142858,11275.771050933949,9595.85,58118.67,25249.186666666665,9882.73756453361,6807.06,58118.67,-10378.070000000003
32221.24,15979,897,21453.51,32373.21,27446.69,17697.19,27341.46857142857,4192.239189881781,21453.51,32221.24,30661.92714285714,11254.336539011532,9595.85,58118.67,25733.321666666663,9855.738437661965,6807.06,58118.67,10767.730000000003
20708.78,14731,864,32221.24,30030.05,31229.66,12523.14,26009.858571428573,4651.182784946289,20708.78,32221.24,29910.435714285715,11560.601689300498,9595.85,58118.67,26006.176333333333,9587.052068602372,6807.06,58118.67,-11512.460000000003
7080.94,4023,614,20708.78,24679.29,58118.67,19798.73,23495.808571428573,8583.816376733654,7080.94,32221.24,26264.88357142857,9910.516308545588,7080.94,45292.45,25582.25,10136.441985820444,6807.06,58118.67,-13627.84
16928.8,10332,902,7080.94,23807.13,25683.84,18027.170000000002,22513.19,8928.991425722912,7080.94,32221.24,25639.523571428574,10221.350687998907,7080.94,45292.45,25545.637666666666,10166.610286878651,6807.06,58118.67,9847.86
14920.95,9441,734,16928.8,27367.48,9595.85,25202.46,20735.114285714284,9039.80485940904,7080.94,32221.24,26019.887857142858,9662.182459359627,7080.94,45292.45,25202.920666666665,10350.21496673876,6807.06,58118.67,-2007.8499999999985
27726.48,13558,1066,14920.95,31831.58,35583.020000000004,27410.75,20148.67142857143,8303.098498019539,7080.94,32221.24,25458.70642857143,9284.81400514975,7080.94,45292.45,25213.445,10352.69757344524,6807.06,58118.67,12805.529999999999
14800.86,7174,652,27726.48,21453.51,45292.45,20943.27,19198.292857142857,8507.081514653379,7080.94,32221.24,23280.735714285714,7718.626525982179,7080.94,32373.21,25008.698,10499.756903919386,6807.06,58118.67,-12925.619999999999
24737.57,13333,1499,14800.86,32221.24,32373.21,23099.87,18129.197142857145,6919.878308628263,7080.94,27726.48,22735.332857142854,7284.273462774693,7080.94,32221.24,25063.288,10493.74598677951,6807.06,58118.67,9936.71
15104.67,8823,1085,24737.57,20708.78,30030.05,19398.54,17328.61,6895.834891986141,7080.94,27726.48,21669.234285714283,7226.503088766342,7080.94,32221.24,24920.159,10602.394923763071,6807.06,58118.67,-9632.9
33395.68,17547,1456,15104.67,7080.94,24679.29,6807.06,21087.858571428573,7522.494957887818,14800.86,33395.68,22291.833571428575,7854.0180069445605,7080.94,33395.68,25806.446333333333,10137.158530640008,7080.94,58118.67,18291.010000000002
29308.350000000002,18570,1468,33395.68,16928.8,23807.13,20020.0,22856.365714285716,7830.633976834946,14800.86,33395.68,22684.777857142857,8070.299258853353,7080.94,33395.68,26116.058,10096.093638190961,7080.94,58118.67,-4087.329999999998
42046.98,27060,1398,29308.350000000002,14920.95,27367.48,27095.96,26731.512857142858,9730.574386334565,14800.86,42046.98,23733.31357142857,9544.477598232568,7080.94,42046.98,26614.425333333333,10506.787729934145,7080.94,58118.67,12738.630000000001
57382.340000000004,9493,708,42046.98,27726.48,31831.58,24555.85,30968.06428571429,15170.9653406618,14800.86,57382.340000000004,25558.367857142857,13021.595141865266,7080.94,57382.340000000004,27708.641666666666,11901.74229879842,7080.94,58118.67,15335.36
12273.89,9440,1051,57382.340000000004,14800.86,21453.51,30379.0,30607.068571428572,15642.519877318808,12273.89,57382.340000000004,24902.680714285718,13467.664281534879,7080.94,57382.340000000004,27105.138,12216.533268310077,7080.94,58118.67,-45108.450000000004
17131.01,8705,1180,12273.89,24737.57,32221.24,18600.5,29520.417142857146,16365.706169324223,12273.89,57382.340000000004,23824.807142857146,13440.712982378138,7080.94,57382.340000000004,27056.155000000002,12254.69544015364,7080.94,58118.67,4857.119999999999
33235.75,12939,1024,17131.01,15104.67,20708.78,21423.68,32110.571428571428,15088.879285254443,12273.89,57382.340000000004,24719.590714285714,13632.916174635493,7080.94,57382.340000000004,27449.890666666666,12257.244214213146,7080.94,58118.67,16104.740000000002
43319.36,28913,1281,33235.75,33395.68,7080.94,27446.69,33528.240000000005,15684.18851614367,12273.89,57382.340000000004,27308.049285714285,13465.514398233665,12273.89,57382.340000000004,27978.979666666666,12595.022316798202,7080.94,58118.67,10083.61
31408.15,19556,1266,43319.36,29308.350000000002,16928.8,31229.66,33828.21142857143,15609.932983252915,12273.89,57382.340000000004,28342.288571428573,13159.576541141712,12273.89,57382.340000000004,27984.929333333333,12596.652883628536,7080.94,58118.67,-11911.21
18632.08,11252,869,31408.15,42046.98,14920.95,58118.67,30483.225714285716,16057.562050386987,12273.89,57382.340000000004,28607.369285714285,12903.309009435394,12273.89,57382.340000000004,26668.709666666666,11339.668988063613,7080.94,57382.340000000004,-12776.07
22188.08,15044,1154,18632.08,57382.340000000004,27726.48,25683.84,25455.47428571429,10919.179579108886,12273.89,43319.36,28211.769285714287,13016.79477878393,12273.89,57382.340000000004,26552.184333333335,11368.063886588146,7080.94,57382.340000000004,3556.0
24790.53,13955,1193,22188.08,12273.89,14800.86,9595.85,27243.565714285713,9306.610428508782,17131.01,43319.36,28925.317142857148,12488.162348114032,12273.89,57382.340000000004,27058.67366666667,10916.048969419067,7080.94,57382.340000000004,2602.449999999997
19329.27,13017,1012,24790.53,17131.01,24737.57,35583.020000000004,27557.60285714286,8938.30655378991,18632.08,43319.36,28539.010000000002,12709.361221440744,12273.89,57382.340000000004,26516.881999999998,10881.678183057853,7080.94,57382.340000000004,-5461.259999999998
20195.7,15250,980,19329.27,33235.75,15104.67,45292.45,25694.738571428574,8916.504916635266,18632.08,43319.36,28902.655000000002,12363.532658769414,12273.89,57382.340000000004,25680.32366666667,10339.674468149702,7080.94,57382.340000000004,866.4300000000003
21236.86,13523,1571,20195.7,43319.36,33395.68,32373.21,22540.095714285715,4408.464576519652,18632.08,31408.15,28034.167857142857,12450.386394828933,12273.89,57382.340000000004,25309.112,10290.894659598915,7080.94,57382.340000000004,1041.1599999999999
15771.58,9044,732,21236.86,31408.15,29308.350000000002,30030.05,20306.3,2853.3277251483255,15771.58,24790.53,27067.255714285715,12862.635904881014,12273.89,57382.340000000004,24833.82966666667,10394.085413836447,7080.94,57382.340000000004,-5465.280000000001
5977.04,3465,694,15771.58,18632.08,42046.98,24679.29,18498.437142857143,6171.101703506757,5977.04,24790.53,24490.831428571426,13238.317988902147,5977.04,57382.340000000004,24210.421333333335,10949.679308224684,5977.04,57382.340000000004,-9794.54
13171.85,9090,799,5977.04,22188.08,57382.340000000004,23807.13,17210.40428571429,6213.437630112294,5977.04,24790.53,21332.93928571429,9547.23426222683,5977.04,43319.36,23855.912,11133.80366704817,5977.04,57382.340000000004,7194.81
29677.96,20693,798,13171.85,24790.53,12273.89,27367.48,17908.608571428573,7373.489203130439,5977.04,29677.96,22576.08714285714,9409.009721402,5977.04,43319.36,23932.928000000004,11166.873930426118,5977.04,57382.340000000004,16506.11
12247.09,7322,587,29677.96,19329.27,17131.01,31831.58,16896.86857142857,7627.573303688918,5977.04,29677.96,22227.235714285714,9712.080445757085,5977.04,43319.36,23280.11166666667,11261.25208839956,5977.04,57382.340000000004,-17430.87
40619.13,19870,1191,12247.09,20195.7,33235.75,21453.51,19814.50142857143,11841.695930670054,5977.04,40619.13,22754.62,10522.500052648353,5977.04,43319.36,23918.96566666667,11689.546183739438,5977.04,57382.340000000004,28372.039999999997
11491.15,6989,853,40619.13,21236.86,43319.36,32221.24,18422.257142857143,12213.662030193509,5977.04,40619.13,20481.17642857143,9076.583063502225,5977.04,40619.13,23227.96266666667,11794.091884805759,5977.04,57382.340000000004,-29127.979999999996
5917.4800000000005,3080,581,11491.15,15771.58,31408.15,20708.78,17014.528571428575,13105.423210054983,5917.4800000000005,40619.13,18660.414285714287,9270.659825132943,5917.4800000000005,40619.13,22734.919333333335,12205.045981942498,5917.4800000000005,57382.340000000004,-5573.669999999999
30346.29,12021,928,5917.4800000000005,5977.04,18632.08,7080.94,20495.850000000002,12920.172997349277,5917.4800000000005,40619.13,19497.143571428573,9782.41751827981,5917.4800000000005,40619.13,23510.430999999997,11911.707685155916,5917.4800000000005,57382.340000000004,24428.81
25312.09,17192,820,30346.29,13171.85,22188.08,16928.8,22230.170000000002,12583.62263942966,5917.4800000000005,40619.13,19720.287142857145,9883.628121141644,5917.4800000000005,40619.13,23789.874000000003,11850.156518893753,5917.4800000000005,57382.340000000004,-5034.200000000001
22599.41,17742,1237,25312.09,29677.96,24790.53,14920.95,21218.948571428573,12162.744572667292,5917.4800000000005,40619.13,19563.778571428575,9814.269123680504,5917.4800000000005,40619.13,24045.822666666663,11734.35007113229,5917.4800000000005,57382.340000000004,-2712.6800000000003
26572.63,16832,1283,22599.41,12247.09,19329.27,27726.48,23265.454285714284,11593.421211922812,5917.4800000000005,40619.13,20081.161428571428,9990.30234932461,5917.4800000000005,40619.13,24007.360999999997,11723.756185868302,5917.4800000000005,57382.340000000004,3973.220000000001
17094.53,10067,813,26572.63,40619.13,20195.7,14800.86,19904.797142857144,8796.937185776116,5917.4800000000005,30346.29,19859.649285714288,10021.898080609786,5917.4800000000005,40619.13,24083.816666666666,11668.997418398996,5917.4800000000005,57382.340000000004,-9478.100000000002
5651.44,4159,805,17094.53,11491.15,21236.86,24737.57,19070.552857142855,9931.545784372674,5651.44,30346.29,18746.405,10699.841324471732,5651.44,40619.13,23447.612333333338,12142.802550050594,5651.44,57382.340000000004,-11443.09
19672.52,14019,1080,5651.44,5917.4800000000005,15771.58,15104.67,21035.558571428573,8084.3873882326025,5651.44,30346.29,19025.04357142857,10667.15667421455,5651.44,40619.13,23599.874,12062.957100447296,5651.44,57382.340000000004,14021.080000000002
17361.98,11373,755,19672.52,30346.29,5977.04,33395.68,19180.657142857144,7010.287218028753,5651.44,26572.63,19838.25357142857,10009.626312260692,5651.44,40619.13,23065.417333333335,11968.806114976389,5651.44,57382.340000000004,-2310.540000000001
18929.82,15151,1188,17361.98,25312.09,13171.85,29308.350000000002,18268.904285714285,6474.490440163003,5651.44,26572.63,20249.537142857145,9831.347831358647,5651.44,40619.13,22719.466333333334,11932.071775637376,5651.44,57382.340000000004,1567.8400000000001
30508.52,16458,1434,18929.82,22599.41,29677.96,42046.98,19398.777142857143,7891.269259307443,5651.44,30508.52,20308.86285714286,9894.919055446451,5651.44,40619.13,22334.851000000002,11464.389351315114,5651.44,57382.340000000004,11578.7
10691.37,6086,718,30508.52,26572.63,12247.09,57382.340000000004,17130.02571428571,7766.991332560001,5651.44,30508.52,20197.739999999998,10000.590796723342,5651.44,40619.13,20778.485333333334,9552.234645032022,5651.44,43319.36,-19817.15
16852.25,10804,1175,10691.37,17094.53,40619.13,12273.89,17095.414285714283,7767.715664908324,5651.44,30508.52,18500.105714285713,8104.914345588028,5651.44,30508.52,20931.097333333335,9447.67602172234,5651.44,43319.36,6160.879999999999
20490.23,12074,1219,16852.25,5651.44,11491.15,17131.01,19215.24142857143,5931.961401002294,10691.37,30508.52,19142.897142857142,7859.41805498779,5651.44,30508.52,21043.071333333333,9420.95324098464,5651.44,43319.36,3637.9799999999996
45674.67,28159,1561,20490.23,19672.52,5917.4800000000005,33235.75,22929.83428571429,11650.70707691291,10691.37,45674.67,21982.696428571428,9683.99452981894,5651.44,45674.67,21457.702,10216.23643707894,5651.44,45674.67,25184.44
24341.25,14558,1202,45674.67,17361.98,30346.29,43319.36,23926.872857142855,11390.539524340234,10691.37,45674.67,21553.765000000003,9414.285698757334,5651.44,45674.67,20825.098333333335,9368.233664518695,5651.44,45674.67,-21333.42
29265.3,19205,1357,24341.25,18929.82,25312.09,31408.15,25403.37,11304.381925797617,10691.37,45674.67,21836.13714285714,9593.269141608871,5651.44,45674.67,20753.67,9292.624474666962,5651.44,45674.67,4924.049999999999
14330.4,8284,756,29265.3,30508.52,22599.41,18632.08,23092.21,11732.378194729601,10691.37,45674.67,21245.493571428575,9795.093095360478,5651.44,45674.67,20610.28066666667,9359.438639085864,5651.44,45674.67,-14934.9
26061.76,17164,1067,14330.4,10691.37,26572.63,22188.08,25287.980000000003,10385.725314677506,14330.4,45674.67,21209.00285714286,9774.651012771938,5651.44,45674.67,20739.403333333332,9408.548302803973,5651.44,45674.67,11731.359999999999
19098.8,14234,1059,26061.76,16852.25,17094.53,24790.53,25608.915714285715,10112.72426353857,14330.4,45674.67,21352.165,9724.301695701695,5651.44,45674.67,20549.679,9381.387931592539,5651.44,45674.67,-6962.959999999999
16882.74,12445,868,19098.8,20490.23,5651.44,19329.27,25093.559999999998,10501.501565263568,14330.4,45674.67,22154.40071428571,8743.170563027563,10691.37,45674.67,20468.128000000004,9402.971417190021,5651.44,45674.67,-2216.0599999999977
22624.7,13198,836,16882.74,45674.67,19672.52,20195.7,21800.707142857143,5296.260190728032,14330.4,29265.3,22365.270714285718,8714.260340941128,10691.37,45674.67,20549.094666666664,9410.999049983555,5651.44,45674.67,5741.959999999999
53316.69,29448,1330,22624.7,24341.25,17361.98,21236.86,25940.055714285718,13134.976229642052,14330.4,53316.69,24933.464285714286,11857.542602819854,10691.37,53316.69,21618.422333333336,11153.132579064239,5651.44,53316.69,30691.99
16421.46,11030,944,53316.69,29265.3,18929.82,15771.58,24105.221428571433,13485.45945416572,14330.4,53316.69,24754.295714285712,11973.61897764203,10691.37,53316.69,21640.085000000003,11142.010277275933,5651.44,53316.69,-36895.23
32705.25,19344,1242,16421.46,14330.4,30508.52,5977.04,26730.2,13046.873636401679,16421.46,53316.69,24911.204999999998,12068.841184799134,10691.37,53316.69,22531.025333333335,10912.632753906175,5651.44,53316.69,16283.79
19401.46,11219,994,32705.25,26061.76,10691.37,13171.85,25778.72857142857,13343.238005969448,16421.46,53316.69,25533.354285714286,11490.044735591235,14330.4,53316.69,22738.679,10786.945286691613,5651.44,53316.69,-13303.79
19741.73,14115,940,19401.46,19098.8,16852.25,29677.96,25870.575714285715,13291.70704895958,16421.46,53316.69,25739.745714285713,11347.177353790683,14330.4,53316.69,22407.47133333333,10718.859622955506,5651.44,53316.69,340.27000000000044
25417.11,15356,1357,19741.73,16882.74,20490.23,12247.09,27089.77142857143,12708.502604234987,16421.46,53316.69,26091.665714285715,11247.81158762396,14330.4,53316.69,22846.472,10556.853510769075,5651.44,53316.69,5675.380000000001
57126.21,37753,1494,25417.11,22624.7,45674.67,40619.13,32018.558571428566,16739.356872088818,16421.46,57126.21,26909.632857142857,13053.011295221922,14330.4,57126.21,23396.708,11864.345021199939,5651.44,57126.21,31709.1
19204.15,12101,1227,57126.21,53316.69,24341.25,11491.15,27145.338571428572,14292.1724698923,16421.46,57126.21,26542.697142857145,13202.118828938857,14330.4,57126.21,23653.808,11679.587291468708,5651.44,57126.21,-37922.06
7430.07,5069,532,19204.15,16421.46,29265.3,5917.4800000000005,25860.854285714282,15746.629837957766,7430.07,57126.21,24983.03785714286,14114.018321167938,7430.07,57126.21,23704.227666666666,11603.397390653843,5651.44,57126.21,-11774.080000000002
19451.93,12299,1104,7430.07,32705.25,14330.4,30346.29,23967.522857142856,15582.435293407247,7430.07,57126.21,25348.86142857143,13881.123196711233,7430.07,57126.21,23341.082333333336,11558.747853928106,5651.44,57126.21,12021.86
25038.94,15621,905,19451.93,19401.46,26061.76,25312.09,24772.877142857145,15452.252123015069,7430.07,57126.21,25275.802857142855,13879.774041555478,7430.07,57126.21,23331.977333333332,11557.249208827525,5651.44,57126.21,5587.009999999998
19278.47,12246,747,25038.94,19741.73,19098.8,22599.41,24706.697142857145,15478.361152325646,7430.07,57126.21,25288.636428571426,13873.705034718128,7430.07,57126.21,23221.279333333332,11580.38906254998,5651.44,57126.21,-5760.4699999999975
51312.52,36329,1457,19278.47,25417.11,16882.74,26572.63,28406.04142857143,18479.930872161847,7430.07,57126.21,27747.90642857143,15252.105237753296,7430.07,57126.21,24045.942333333332,12658.023342658504,5651.44,57126.21,32034.049999999996
17619.77,11014,703,51312.52,57126.21,22624.7,17094.53,22762.264285714286,13647.814817344513,7430.07,51312.52,27390.411428571428,15438.936667104352,7430.07,57126.21,24063.450333333334,12648.43653263544,5651.44,57126.21,-33692.75
5567.99,3128,549,17619.77,19204.15,53316.69,5651.44,20814.24142857143,15132.726320294953,5567.99,51312.52,23979.79,14517.584476387456,5567.99,57126.21,24060.668666666665,12652.633842174642,5567.99,57126.21,-12051.78
17039.52,10142,914,5567.99,7430.07,16421.46,19672.52,22187.019999999997,14118.057381124829,5567.99,51312.52,24023.937142857143,14493.752174056252,5567.99,57126.21,23972.902000000002,12693.189514426804,5567.99,57126.21,11471.53
15850.17,10433,944,17039.52,19451.93,32705.25,17361.98,21672.48285714286,14298.828487065777,5567.99,51312.52,22820.00285714286,14416.998366671958,5567.99,57126.21,23922.508333333335,12723.306121566991,5567.99,57126.21,-1189.3500000000004
46052.63,22626,1433,15850.17,25038.94,19401.46,18929.82,24674.43857142857,17062.216302179135,5567.99,51312.52,24723.657857142858,15638.664708950437,5567.99,57126.21,24826.602000000003,13306.57969042912,5567.99,57126.21,30202.46
53239.32,33786,1513,46052.63,19278.47,19741.73,30508.52,29525.98857142857,19869.526765212948,5567.99,53239.32,27116.34285714286,17292.853218263506,5567.99,57126.21,25584.29533333333,14254.657079345065,5567.99,57126.21,7186.690000000002
16800.02,10578,810,53239.32,51312.52,25417.11,10691.37,24595.631428571425,17729.10477501653,5567.99,53239.32,26500.836428571427,17509.978017533802,5567.99,57126.21,25787.917,14077.106162863593,5567.99,57126.21,-36439.3
14192.6,8063,1033,16800.02,17619.77,57126.21,16852.25,24106.035714285714,17999.11770629406,5567.99,53239.32,23434.15,15361.556788956092,5567.99,53239.32,25699.262,14143.540087530982,5567.99,57126.21,-2607.42
27742.21,15348,1259,14192.6,5567.99,19204.15,20490.23,27273.78142857143,16037.091191924857,14192.6,53239.32,24044.011428571426,15350.184158852622,5567.99,53239.32,25940.994666666666,14113.3815710236,5567.99,57126.21,13549.609999999999
21974.88,13619,1357,27742.21,17039.52,7430.07,45674.67,27978.83285714286,15615.101291866686,14192.6,53239.32,25082.926428571427,14613.780198667388,5567.99,53239.32,25151.001666666663,13625.569392589927,5567.99,57126.21,-5767.329999999998
37344.97,27082,1551,21974.88,15850.17,19451.93,24341.25,31049.518571428573,14930.977960360811,14192.6,53239.32,26361.000714285714,14863.725564366143,5567.99,53239.32,25584.459,13804.582828569539,5567.99,57126.21,15370.09
21605.27,12835,1214,37344.97,46052.63,25038.94,29265.3,27557.03857142857,13640.156278458855,14192.6,53239.32,26115.73857142857,14915.45757393669,5567.99,53239.32,25329.124666666667,13804.994337421998,5567.99,57126.21,-15739.7
23730.28,16732,855,21605.27,53239.32,19278.47,14330.4,23341.46142857143,7604.713966357581,14192.6,37344.97,26433.725000000002,14805.528921096045,5567.99,53239.32,25642.454,13652.582543205974,5567.99,57126.21,2125.0099999999984
10666.31,6697,1159,23730.28,16800.02,51312.52,26061.76,22465.217142857142,8751.042095056848,10666.31,37344.97,23530.424285714285,13477.321951618582,5567.99,53239.32,25129.272333333334,13922.947693459591,5567.99,57126.21,-13063.97
8548.99,4086,395,10666.31,14192.6,17619.77,19098.8,21658.987142857142,9833.273126700506,8548.99,37344.97,22882.511428571426,13991.555571470657,5567.99,53239.32,24777.612,14210.77167668376,5567.99,57126.21,-2117.3199999999997
11227.61,7165,850,8548.99,27742.21,5567.99,16882.74,19299.75857142857,10107.801235571182,8548.99,37344.97,23286.769999999997,13526.848743652235,8548.99,53239.32,24589.107666666667,14355.874024907427,5567.99,57126.21,2678.620000000001
36667.28,27681,1393,11227.61,21974.88,17039.52,22624.7,21398.672857142858,12087.475009072698,8548.99,37344.97,24688.75285714286,13843.008266855219,8548.99,53239.32,25057.19366666667,14517.638102146882,5567.99,57126.21,25439.67
28851.59,15239,1115,36667.28,37344.97,15850.17,53316.69,20185.332857142854,10548.290037177769,8548.99,36667.28,25617.425714285713,13639.055947162973,8548.99,53239.32,24241.690333333332,13528.946751321522,5567.99,57126.21,-7815.689999999999
16671.58,10833,1291,28851.59,21605.27,46052.63,16421.46,19480.519999999997,10602.290992648712,8548.99,36667.28,23518.779285714285,12462.498077718214,8548.99,53239.32,24250.027666666665,13524.037461397675,5567.99,57126.21,-12180.009999999998
34642.81,22078,1374,16671.58,23730.28,53239.32,32705.25,21039.452857142856,12036.570124497968,8548.99,36667.28,22190.45714285714,9746.05056638402,8548.99,37344.97,24314.613,13570.35573749766,5567.99,57126.21,17971.229999999996
24846.68,14308,1048,34642.81,10666.31,16800.02,19401.46,23065.22,11161.249036546034,8548.99,36667.28,22765.21857142857,9640.401040299783,8548.99,37344.97,24496.120333333332,13538.753783063794,5567.99,57126.21,-9796.129999999997
21438.54,13540,1007,24846.68,8548.99,14192.6,19741.73,24906.58428571429,9270.308136872341,11227.61,36667.28,23282.785714285714,9334.408412012071,8548.99,37344.97,24552.680666666667,13521.740303046834,5567.99,57126.21,-3408.1399999999994
22360.58,15710,1403,21438.54,11227.61,27742.21,25417.11,26497.00857142857,7272.016366053308,16671.58,36667.28,22898.38357142857,9247.039582584592,8548.99,37344.97,24450.79633333333,13526.516765747378,5567.99,57126.21,922.0400000000009
24387.2,15839,1302,22360.58,36667.28,21974.88,57126.21,24742.71142857143,5726.652515331036,16671.58,34642.81,23070.692142857144,9250.982008759249,8548.99,37344.97,23359.496,12038.195408762731,5567.99,53239.32,2026.619999999999
34858.72,20867,1970,24387.2,28851.59,37344.97,19204.15,25600.872857142855,6795.377757811316,16671.58,34858.72,22893.102857142858,8975.649737352573,8548.99,36667.28,23881.315,12190.19208986549,5567.99,53239.32,10471.52
27099.09,15887,1488,34858.72,16671.58,21605.27,7430.07,27090.517142857145,5538.382077540633,21438.54,34858.72,23285.518571428573,9034.913901840717,8548.99,36667.28,24536.949,11797.48314492468,5567.99,53239.32,-7759.630000000001
47930.28,34979,1883,27099.09,34642.81,23730.28,19451.93,28988.727142857137,9452.321023026909,21438.54,47930.28,25014.09,11185.570114933445,8548.99,47930.28,25486.227333333332,12499.095532118605,5567.99,53239.32,20831.19
21691.43,13353,1160,47930.28,24846.68,10666.31,25038.94,28537.977142857144,9753.204588357436,21438.54,47930.28,25801.59857142857,10462.458993193673,8548.99,47930.28,25374.643666666667,12518.153959298474,5567.99,53239.32,-26238.85
69025.4,27487,1626,21691.43,21438.54,8548.99,19278.47,35336.1,17493.22764031933,21691.43,69025.4,30121.342142857146,14497.802354660602,11227.61,69025.4,27032.874666666667,14774.342241650753,5567.99,69025.4,47333.969999999994
22985.9,14060,1249,69025.4,22360.58,11227.61,51312.52,35425.43142857143,17417.355040767423,21691.43,69025.4,30961.22,13633.915413047083,16671.58,69025.4,26088.654,14056.885314921386,5567.99,69025.4,-46039.49999999999
15584.5,8908,1252,22985.9,24387.2,36667.28,17619.77,34167.90285714286,18623.175077591433,15584.5,69025.4,29455.307142857142,14111.160370812018,15584.5,69025.4,26020.811666666665,14104.000283036872,5567.99,69025.4,-7401.4000000000015
45622.9,29085,1402,15584.5,34858.72,28851.59,5567.99,35705.642857142855,19127.3064878833,15584.5,69025.4,30653.25785714286,14753.24838481299,15584.5,69025.4,27355.975333333332,13996.558675480577,8548.99,69025.4,30038.4
103229.78,42448,1423,45622.9,27099.09,16671.58,17039.52,46581.455714285716,31231.864947432452,15584.5,103229.78,36835.98642857143,23804.09917377211,15584.5,103229.78,30228.984,19550.099750973593,8548.99,103229.78,57606.88
32148.63,18001,1772,103229.78,47930.28,34642.81,15850.17,44326.93428571429,31684.600338360902,15584.5,103229.78,36657.830714285716,23831.094300375855,15584.5,103229.78,30772.266,19362.304024244095,8548.99,103229.78,-71081.15
54901.6,31942,2475,32148.63,21691.43,24846.68,46052.63,49071.24428571429,30181.068985589733,15584.5,103229.78,38804.610714285714,24038.085578437152,15584.5,103229.78,31067.231666666667,19668.10019195814,8548.99,103229.78,22752.969999999998
30151.7,19198,1904,54901.6,69025.4,21438.54,53239.32,43517.85857142857,29465.464887291568,15584.5,103229.78,39426.97928571428,23663.756630739834,15584.5,103229.78,30297.644333333334,19217.143519954127,8548.99,103229.78,-24749.899999999998
30856.88,19384,1930,30151.7,22985.9,22360.58,16800.02,44642.28428571428,28691.376316017442,15584.5,103229.78,40033.85785714286,23298.534630722406,15584.5,103229.78,30766.20633333333,19047.309447413852,8548.99,103229.78,705.1800000000003
28232.19,15158,1523,30856.88,15584.5,24387.2,14192.6,46449.09714285714,26898.744727247435,28232.19,103229.78,40308.5,23121.89733535256,15584.5,103229.78,31234.192666666666,18796.887484478673,8548.99,103229.78,-2624.6900000000023
28671.97,19106,1399,28232.19,45622.9,34858.72,27742.21,44027.53571428572,27735.508939738123,28232.19,103229.78,39866.58928571428,23292.558254162974,15584.5,103229.78,31265.184666666668,18791.69719532955,8548.99,103229.78,439.7800000000025
38014.63,23652,2126,28671.97,103229.78,27099.09,21974.88,34711.08571428571,9480.034804118275,28232.19,54901.6,40646.27071428572,23013.328214605226,15584.5,103229.78,31799.843,18746.381799359926,8548.99,103229.78,9342.659999999996
41595.03,25629,2268,38014.63,32148.63,47930.28,37344.97,36060.57142857143,9723.691746737937,28232.19,54901.6,40193.75285714286,22921.184559308174,15584.5,103229.78,31941.511666666665,18805.697266812713,8548.99,103229.78,3580.4000000000015
39341.85,21481,1481,41595.03,54901.6,21691.43,21605.27,33837.75,5605.012233471513,28232.19,41595.03,41454.49714285715,22302.270050096962,15584.5,103229.78,32532.731000000003,18748.254307417217,8548.99,103229.78,-2253.1800000000003
11469.03,8317,1396,39341.85,30151.7,69025.4,23730.28,31168.79714285714,10209.525594467616,11469.03,41595.03,37343.32785714286,22133.22566243066,11469.03,103229.78,32124.022666666668,19077.51811810307,8548.99,103229.78,-27872.82
56638.47,24316,1734,11469.03,30856.88,22985.9,10666.31,34851.88142857143,14018.188490556815,11469.03,56638.47,39747.08285714286,22280.916393170115,11469.03,103229.78,33656.428,19140.74543719602,8548.99,103229.78,45169.44
37826.32,21642,2042,56638.47,28232.19,15584.5,8548.99,36222.47142857143,13729.135703008138,11469.03,56638.47,41335.78428571428,21191.85868272156,11469.03,103229.78,34632.339,18553.84375905273,11227.61,103229.78,-18812.15
73047.37,45657,2172,37826.32,28671.97,45622.9,11227.61,42561.81428571429,18923.914371591476,11469.03,73047.37,43294.674999999996,22823.330059914468,11469.03,103229.78,36692.99766666666,19283.41459226405,11469.03,103229.78,35221.049999999996
52280.4,30812,2809,73047.37,38014.63,103229.78,36667.28,44599.78142857143,19119.74574312322,11469.03,73047.37,39655.43357142857,15379.473041057314,11469.03,73047.37,37213.435000000005,19492.255819756523,11469.03,103229.78,-20766.969999999994
48205.81,29464,1976,52280.4,41595.03,32148.63,28851.59,45544.178571428565,19109.856849526943,11469.03,73047.37,40802.375,15375.321573898222,11469.03,73047.37,37858.575666666664,19526.21468099878,11469.03,103229.78,-4074.590000000004
11613.35,6982,1230,48205.81,39341.85,54901.6,16671.58,41582.96428571428,23072.75987815776,11469.03,73047.37,37710.357142857145,16623.823656139906,11469.03,73047.37,37689.968,19736.181513990527,11469.03,103229.78,-36592.46
41030.020000000004,24552,2736,11613.35,11469.03,30151.7,34642.81,45805.962857142855,18985.67082938046,11613.35,73047.37,38487.380000000005,16497.094916169077,11469.03,73047.37,37902.875,19736.627821884984,11469.03,103229.78,29416.670000000006
34185.270000000004,20361,1827,41030.020000000004,56638.47,30856.88,24846.68,42598.362857142856,18745.713235339656,11613.35,73047.37,38725.12214285714,16402.38291876994,11469.03,73047.37,38214.16133333334,19596.753108286466,11469.03,103229.78,-6844.75
24061.79,14512,1564,34185.270000000004,37826.32,28232.19,21438.54,40632.00142857143,20009.067476158878,11613.35,73047.37,38427.236428571436,16643.699506409932,11469.03,73047.37,38301.603,19525.03962741531,11469.03,103229.78,-10123.480000000003
31992.24,17650,1956,24061.79,73047.37,28671.97,22360.58,34766.98285714286,14055.111440395009,11613.35,52280.4,38664.398571428566,16517.17531720557,11469.03,73047.37,38622.65833333333,19332.113315877035,11469.03,103229.78,7930.450000000001
30901.9,17081,1468,31992.24,52280.4,38014.63,24387.2,31712.911428571428,11748.791179299262,11613.35,48205.81,38156.34642857143,16647.574536037268,11469.03,73047.37,38839.814999999995,19202.850612042963,11469.03,103229.78,-1090.3400000000001
21362.03,8189,1226,30901.9,48205.81,41595.03,34858.72,27878.085714285717,9664.267434704758,11613.35,41030.020000000004,36711.13214285714,17195.317099730357,11469.03,73047.37,38389.92533333333,19455.773460078297,11469.03,103229.78,-9539.870000000003
41365.23,28921,2376,21362.03,11613.35,39341.85,27099.09,32128.354285714282,7651.757346302507,21362.03,41365.23,36855.65928571429,17227.602201952373,11469.03,73047.37,38865.46333333333,19344.313867047415,11469.03,103229.78,20003.200000000004
36419.87,26342,2059,41365.23,41030.020000000004,11469.03,47930.28,31469.76142857143,6921.435131734857,21362.03,41365.23,38637.86214285714,15614.379754790201,11613.35,73047.37,38481.783,19272.33643497636,11469.03,103229.78,-4945.360000000001
30304.51,17974,1830,36419.87,34185.270000000004,56638.47,21691.43,30915.36714285714,6822.388860935963,21362.03,41365.23,36756.865000000005,14846.40305528204,11613.35,73047.37,38768.88566666667,19076.745728260375,11469.03,103229.78,-6115.360000000004
60296.29,40702,2285,30304.51,24061.79,37826.32,69025.4,36091.724285714285,12301.587526347725,21362.03,60296.29,38361.86285714286,16130.00173940588,11613.35,73047.37,38477.91533333333,18661.390314396715,11469.03,103229.78,29991.780000000002
59934.38,24136,1327,60296.29,31992.24,73047.37,22985.9,40083.458571428564,14989.458495096229,21362.03,60296.29,37425.220714285715,14229.728740970664,11613.35,60296.29,39709.53133333333,18822.26136445291,11469.03,103229.78,-361.9100000000035
12069.44,6946,1675,59934.38,30901.9,52280.4,15584.5,37393.107142857145,18247.92900994765,12069.44,60296.29,34553.00928571429,15035.988176308834,11613.35,60296.29,39592.36266666666,18987.830785721646,11469.03,103229.78,-47864.939999999995
30677.32,18917,1915,12069.44,21362.03,48205.81,45622.9,38723.862857142856,17193.174353517607,12069.44,60296.29,33300.974285714285,14533.06030245824,11613.35,60296.29,39094.176666666666,19020.18777507172,11469.03,103229.78,18607.879999999997
34632.63,24949,2062,30677.32,41365.23,11613.35,103229.78,37762.06285714286,17209.093610311254,12069.44,60296.29,34945.20857142857,13124.548675575523,12069.44,60296.29,36807.604999999996,14669.856769033438,11469.03,73047.37,3955.3099999999977
33187.01,20032,1696,34632.63,36419.87,41030.020000000004,32148.63,37300.22571428571,17294.286096304386,12069.44,60296.29,34384.993571428575,13011.745207359967,12069.44,60296.29,36842.21766666667,14659.70662323151,11469.03,73047.37,-1445.6199999999953
45408.9,31827,2265,33187.01,30304.51,34185.270000000004,54901.6,39457.99571428572,17218.0755321811,12069.44,60296.29,35186.68142857143,13340.108548148975,12069.44,60296.29,36525.79433333334,14355.758179403394,11469.03,73047.37,12221.89
36522.25,22927,1411,45408.9,60296.29,24061.79,30151.7,36061.70428571429,14562.584912929917,12069.44,59934.38,36076.71428571428,12950.767022991744,12069.44,60296.29,36738.146,14305.248773092295,11469.03,73047.37,-8886.650000000001
33905.46,19890,2848,36522.25,59934.38,31992.24,30856.88,32343.287142857145,10086.05999552467,12069.44,45408.9,36213.37285714286,12914.394834864515,12069.44,60296.29,36839.76533333333,14272.820996669747,11469.03,73047.37,-2616.790000000001
31705.2,15078,1823,33905.46,12069.44,30901.9,28232.19,35148.39571428571,4910.354297254,30677.32,45408.9,36270.75142857143,12890.743571533336,12069.44,60296.29,36955.53233333333,14214.563324864515,11469.03,73047.37,-2200.2599999999984
28373.96,16417,1740,31705.2,30677.32,21362.03,28671.97,34819.34428571429,5319.993941928964,28373.96,45408.9,36771.603571428575,12393.558835189393,12069.44,60296.29,36945.598666666665,14220.654628017033,11469.03,73047.37,-3331.2400000000016
37820.66,26140,1768,28373.96,34632.63,41365.23,38014.63,35274.77714285714,5436.52942960452,28373.96,45408.9,36518.42,12328.533497385999,12069.44,60296.29,36939.13300000001,14220.195902466237,11469.03,73047.37,9446.700000000004
59391.75,32434,1940,37820.66,33187.01,36419.87,41595.03,39018.311428571425,10460.293008522562,28373.96,59391.75,38159.26857142857,13760.008198945352,12069.44,60296.29,37532.357,14781.267695015795,11469.03,73047.37,21571.089999999997
52752.950000000004,32321,2487,59391.75,45408.9,30304.51,39341.85,40067.461428571434,11522.456648402393,28373.96,59391.75,39762.72857142857,14078.556697978018,12069.44,60296.29,37979.39366666667,15038.441888286894,11469.03,73047.37,-6638.799999999996
42114.91,23037,3344,52752.950000000004,36522.25,60296.29,11469.03,40866.41285714286,11429.182685627842,28373.96,59391.75,38464.05857142858,12821.162982301996,12069.44,59934.38,39000.922999999995,14192.621621975719,11613.35,73047.37,-10638.04
26475.81,15641,1738,42114.91,33905.46,59934.38,56638.47,39805.03428571428,12480.025479261925,26475.81,59391.75,36074.16071428572,11568.357704272084,12069.44,59391.75,37995.501000000004,13966.65232292639,11613.35,73047.37,-15639.100000000002
36916.090000000004,21238,2329,26475.81,31705.2,12069.44,37826.32,40549.44714285714,12064.865283782574,26475.81,59391.75,37848.92142857143,9282.469290639143,26475.81,59391.75,37965.16,13968.021142871408,11613.35,73047.37,10440.280000000002
57275.99,33705,2153,36916.090000000004,28373.96,30677.32,73047.37,44678.30857142858,12148.855349417838,26475.81,59391.75,39748.826428571425,10361.093088361167,26475.81,59391.75,37439.44733333334,12854.515250388124,11613.35,60296.29,20359.899999999994
67577.9,37763,3142,57275.99,37820.66,34632.63,52280.4,48929.34285714286,14355.214000404889,26475.81,67577.9,42102.06,12607.486189923302,26475.81,67577.9,37949.363999999994,13736.674182425946,11613.35,67577.9,10301.909999999996
35811.6,23494,2362,67577.9,59391.75,33187.01,48205.81,45560.75,14257.245547249438,26475.81,67577.9,42289.53071428571,12483.629098591116,26475.81,67577.9,37536.22366666667,13603.302226561065,11613.35,67577.9,-31766.299999999996
27879.22,19149,2707,35811.6,52752.950000000004,45408.9,11613.35,42007.35999999999,15232.295747432967,26475.81,67577.9,41037.41071428572,13014.519313046198,26475.81,67577.9,38078.41933333334,12837.026416069562,12069.44,67577.9,-7932.379999999997
55826.58,31837,2900,27879.22,42114.91,36522.25,41030.020000000004,43966.17,16105.059870098718,26475.81,67577.9,42416.29142857143,13512.457932452726,26475.81,67577.9,38571.638,13232.503724774628,12069.44,67577.9,27947.36
46076.27,26685,2158,55826.58,26475.81,33905.46,34185.270000000004,46766.235714285714,14141.51673599732,27879.22,67577.9,43285.635,13312.820102318774,26475.81,67577.9,38968.00466666666,13274.60834041328,12069.44,67577.9,-9750.310000000005
46215.65,27848,2694,46076.27,36916.090000000004,31705.2,24061.79,48094.74428571428,13483.435531746305,27879.22,67577.9,44322.09571428572,12900.34087127614,26475.81,67577.9,39706.46666666667,13030.752637346199,12069.44,67577.9,139.38000000000466
53625.5,29827,2954,46215.65,57275.99,28373.96,31992.24,47573.24571428571,13135.248145210613,27879.22,67577.9,46125.77714285714,12247.790678441277,26475.81,67577.9,40427.575333333334,13186.781755790887,12069.44,67577.9,7409.8499999999985
34793.17,19880,2171,53625.5,67577.9,37820.66,30901.9,42889.712857142855,10366.647200050818,27879.22,55826.58,45909.52785714286,12431.062878889072,26475.81,67577.9,40557.28433333334,13108.760533920808,12069.44,67577.9,-18832.33
29289.83,18401,3014,34793.17,35811.6,59391.75,21362.03,41958.03142857143,11354.772602603955,27879.22,55826.58,43759.39071428572,12522.680969331914,26475.81,67577.9,40821.54433333334,12784.35360676198,12069.44,67577.9,-5503.3399999999965
43374.72,23842,2326,29289.83,27879.22,52752.950000000004,41365.23,44171.67428571429,9513.829736365864,29289.83,55826.58,43089.51714285714,12252.502529576665,26475.81,67577.9,40888.52733333334,12792.562126905219,12069.44,67577.9,14084.89
47950.01,29696,2777,43374.72,55826.58,42114.91,36419.87,43046.450000000004,8293.1078133611,29289.83,53625.5,43506.31,12315.881369551913,26475.81,67577.9,41272.865333333335,12826.835951793873,12069.44,67577.9,4575.290000000001
69390.52,38025,3256,47950.01,46076.27,26475.81,30304.51,46377.05714285715,13037.340159303492,29289.83,69390.52,46571.64642857143,13068.63100947899,27879.22,69390.52,42575.73233333333,13633.981011122365,12069.44,69390.52,21440.510000000002
34877.340000000004,21270,2421,69390.52,46215.65,36916.090000000004,60296.29,44757.298571428575,13745.82086713552,29289.83,69390.52,46426.02142857143,13195.245804502572,27879.22,69390.52,41728.434,13279.991891703872,12069.44,69390.52,-34513.18
25654.22,13953,1664,34877.340000000004,53625.5,57275.99,59934.38,40761.40142857143,14765.939434854083,25654.22,69390.52,44167.32357142858,13883.61110857831,25654.22,69390.52,40585.762,13133.453286515238,12069.44,69390.52,-9223.120000000003
16923.39,10274,2354,25654.22,34793.17,67577.9,12069.44,38208.57571428572,17297.448621852498,16923.39,69390.52,40549.14428571429,13913.77368294159,16923.39,69390.52,40747.560333333335,12795.58400235972,16923.39,69390.52,-8730.830000000002
49077.83,27098,2723,16923.39,29289.83,35811.6,30677.32,41035.43285714286,17213.70184582779,16923.39,69390.52,41496.73214285715,14017.663338136654,16923.39,69390.52,41360.91066666667,12737.102770075067,16923.39,69390.52,32154.440000000002
47795.56,25684,2651,49077.83,43374.72,27879.22,34632.63,41666.98142857143,17393.98491283061,16923.39,69390.52,42919.32785714285,13531.556299378428,16923.39,69390.52,41799.675,12724.046403393373,16923.39,69390.52,-1282.270000000004
39840.69,24218,2165,47795.56,47950.01,55826.58,33187.01,40508.50714285714,17174.441866451492,16923.39,69390.52,41777.478571428575,13023.548442903075,16923.39,69390.52,42021.46433333334,12626.358933994901,16923.39,69390.52,-7954.869999999995
43292.41,24560,2196,39840.69,69390.52,46076.27,45408.9,36780.205714285716,11874.668754584005,16923.39,49077.83,41578.631428571425,12974.022653156875,16923.39,69390.52,41950.914666666664,12612.684533081443,16923.39,69390.52,3451.720000000001
43631.53,25203,1968,43292.41,34877.340000000004,46215.65,36522.25,38030.80428571429,12099.71292510667,16923.39,49077.83,41394.05142857142,12921.252332445181,16923.39,69390.52,42187.890666666666,12573.897239503425,16923.39,69390.52,339.11999999999534
19943.6,11293,1883,43631.53,25654.22,53625.5,33905.46,37215.00142857143,13214.428335470258,16923.39,49077.83,38988.201428571425,13587.165428963759,16923.39,69390.52,41722.49533333333,13136.807840521102,16923.39,69390.52,-23687.93
55332.24,37406,3346,19943.6,16923.39,34793.17,31705.2,42701.979999999996,11206.12183572284,19943.6,55332.24,40455.27785714286,14194.63809872269,16923.39,69390.52,42510.06333333334,13223.499107039608,16923.39,69390.52,35388.64
42984.87,26613,2590,55332.24,49077.83,29289.83,28373.96,41831.55714285715,10859.620247046156,19943.6,55332.24,41433.495,13833.281070988905,16923.39,69390.52,42997.09366666667,12951.1642372878,16923.39,69390.52,-12347.369999999995
68347.61,40883,2154,42984.87,47795.56,43374.72,37820.66,44767.56428571429,14803.033894570144,19943.6,68347.61,43217.27285714286,15600.125223803305,16923.39,69390.52,44014.65866666667,13707.582918953165,16923.39,69390.52,25362.739999999998
49013.48,26822,2562,68347.61,39840.69,47950.01,59391.75,46077.962857142855,14699.844523079859,19943.6,68347.61,43293.235,15627.508349795187,16923.39,69390.52,43668.71633333333,13434.361564631854,16923.39,69390.52,-19334.129999999997
15606.279999999988,9514,611,49013.48,43292.41,69390.52,52752.950000000004,42122.80142857142,18742.881368492377,15606.279999999988,68347.61,39451.50357142858,15326.502465008654,15606.279999999988,68347.61,42430.494,14255.018770264613,15606.279999999988,69390.52,-33407.20000000001
